{
  "controller/importNomination-dbg.controller.js": 1744611933286,
  "controller/displayNomination.controller.js": 1744718221885,
  "model/models.js": 1742807482846,
  "controller/systemNom.controller.js": 1744624008027,
  "controller/publishRenomination.controller.js": 1744718105077,
  "controller/publishNomination.controller.js": 1744721178241,
  "controller/nominationDashboard.controller.js": 1742807482846,
  "controller/importNomination.controller.js": 1744611933286,
  "utils/HelperFunction.js": 1744347776424,
  "controller/App.controller.js": 1742807482846,
  "manifest.json": 1744721392358,
  "Component.js": 1742807482846,
  "controller/publishRenomination-dbg.controller.js": 1744718105077,
  "controller/publishRenomination.controller.js.map": 1744721392629,
  "model/models-dbg.js": 1742807482846,
  "model/models.js.map": 1744721392472,
  "controller/systemNom-dbg.controller.js": 1744624008027,
  "controller/systemNom.controller.js.map": 1744721392548,
  "controller/displayNomination-dbg.controller.js": 1744718221885,
  "controller/displayNomination.controller.js.map": 1744721392553,
  "controller/publishNomination-dbg.controller.js": 1744721178241,
  "controller/publishNomination.controller.js.map": 1744721392629,
  "controller/nominationDashboard-dbg.controller.js": 1742807482846,
  "controller/nominationDashboard.controller.js.map": 1744721392551,
  "i18n/i18n.properties": 1742807482846,
  "controller/importNomination.controller.js.map": 1744721392561,
  "utils/HelperFunction-dbg.js": 1744347776424,
  "utils/HelperFunction.js.map": 1744721392631,
  "controller/App-dbg.controller.js": 1742807482846,
  "controller/App.controller.js.map": 1744721392565,
  "Component-dbg.js": 1742807482846,
  "Component.js.map": 1744721392565,
  "Component-preload.js": 1744721392779,
  "Component-preload.js.map": 1744721392780,
  "view/systemNom.view.xml": 1744604725154,
  "view/publishRenomination.view.xml": 1744718427733,
  "view/publishNomination.view.xml": 1744712682473,
  "view/nominationDashboard.view.xml": 1742807482846,
  "view/importNomination.view.xml": 1743063165184,
  "view/displayNomination.view.xml": 1744718559981,
  "view/App.view.xml": 1742807482846,
  "images/IngenxT_TitleLogo.png": 1742807482846,
  "images/IngenxTLogo.png": 1742807482846,
  "fragment/soldToParty.fragment.xml": 1742807482846,
  "fragment/simulatePopup.fragment.xml": 1742807482846,
  "fragment/selectMaterial.fragment.xml": 1742807482846,
  "fragment/selectDocumentType.fragment.xml": 1744109012642,
  "fragment/selectContract.fragment.xml": 1742807482846,
  "fragment/contDesc.fragment.xml": 1742807482846,
  "css/style.css": 1742807482846,
  "index.html": 1742807482846
}