{
  "view/App.view.xml": 1742807482846,
  "controller/publishNomination.controller copy.js": 1742807482846,
  "model/models.js": 1742807482846,
  "controller/systemNom.controller.js": 1742807482846,
  "controller/publishRenomination.controller.js": 1742965537904,
  "controller/publishNomination.controller.js": 1742965404569,
  "utils/HelperFunction.js": 1742965379245,
  "controller/nominationDashboard.controller.js": 1742807482846,
  "controller/displayNomination.controller.js": 1742807482846,
  "controller/App.controller.js": 1742807482846,
  "manifest.json": 1742965702003,
  "Component.js": 1742807482846,
  "utils/HelperFunction-dbg.js": 1742965379245,
  "utils/HelperFunction.js.map": 1742965702177,
  "model/models-dbg.js": 1742807482846,
  "model/models.js.map": 1742965702159,
  "controller/systemNom-dbg.controller.js": 1742807482846,
  "controller/systemNom.controller.js.map": 1742965702182,
  "controller/publishRenomination-dbg.controller.js": 1742965537904,
  "controller/publishRenomination.controller.js.map": 1742965702258,
  "controller/publishNomination-dbg.controller.js": 1742965404569,
  "controller/publishNomination.controller.js.map": 1742965702262,
  "controller/publishNomination.controller copy-dbg.js": 1742807482846,
  "controller/publishNomination.controller copy.js.map": 1742965702308,
  "controller/nominationDashboard-dbg.controller.js": 1742807482846,
  "controller/nominationDashboard.controller.js.map": 1742965702186,
  "controller/displayNomination-dbg.controller.js": 1742807482846,
  "controller/displayNomination.controller.js.map": 1742965702264,
  "controller/App-dbg.controller.js": 1742807482846,
  "controller/App.controller.js.map": 1742965702263,
  "Component-dbg.js": 1742807482846,
  "Component.js.map": 1742965702266,
  "Component-preload.js": 1742965702602,
  "Component-preload.js.map": 1742965702603,
  "view/systemNom.view.xml": 1742807482846,
  "view/publishRenomination.view.xml": 1742807482846,
  "view/publishNomination.view.xml": 1742818741128,
  "view/nominationDashboard.view.xml": 1742807482846,
  "view/displayNomination.view.xml": 1742807482846,
  "i18n/i18n.properties": 1742807482846,
  "fragment/soldToParty.fragment.xml": 1742807482846,
  "fragment/simulatePopup.fragment.xml": 1742807482846,
  "fragment/selectMaterial.fragment.xml": 1742807482846,
  "fragment/selectContract.fragment.xml": 1742807482846,
  "fragment/contDesc.fragment.xml": 1742807482846,
  "css/style.css": 1742807482846,
  "images/IngenxT_TitleLogo.png": 1742807482846,
  "images/IngenxTLogo.png": 1742807482846,
  "index.html": 1742807482846
}