{
  "images/IngenxT_TitleLogo.png": 1742196396408,
  "controller/publishNomination.controller.js": 1742196396404,
  "model/models.js": 1742196396408,
  "controller/systemNom.controller.js": 1742375317386,
  "controller/publishRenomination.controller.js": 1742196396404,
  "utils/HelperFunction.js": 1742196396408,
  "controller/publishNomination.controller copy.js": 1742196396404,
  "controller/nominationDashboard.controller.js": 1742196396404,
  "controller/displayNomination.controller.js": 1742196396404,
  "controller/App.controller.js": 1742196396404,
  "manifest.json": 1742378114793,
  "Component.js": 1742196396404,
  "controller/nominationDashboard-dbg.controller.js": 1742196396404,
  "controller/nominationDashboard.controller.js.map": 1742378114901,
  "model/models-dbg.js": 1742196396408,
  "model/models.js.map": 1742378114899,
  "controller/systemNom-dbg.controller.js": 1742375317386,
  "controller/systemNom.controller.js.map": 1742378114964,
  "controller/publishRenomination-dbg.controller.js": 1742196396404,
  "controller/publishRenomination.controller.js.map": 1742378114982,
  "utils/HelperFunction-dbg.js": 1742196396408,
  "utils/HelperFunction.js.map": 1742378114957,
  "controller/publishNomination.controller copy-dbg.js": 1742196396404,
  "controller/publishNomination.controller copy.js.map": 1742378115084,
  "controller/publishNomination-dbg.controller.js": 1742196396404,
  "controller/publishNomination.controller.js.map": 1742378115042,
  "controller/displayNomination-dbg.controller.js": 1742196396404,
  "controller/displayNomination.controller.js.map": 1742378115045,
  "controller/App-dbg.controller.js": 1742196396404,
  "controller/App.controller.js.map": 1742378114984,
  "Component-dbg.js": 1742196396404,
  "Component.js.map": 1742378115042,
  "Component-preload.js": 1742378115250,
  "Component-preload.js.map": 1742378115250,
  "view/systemNom.view.xml": 1742374698697,
  "view/publishRenomination.view.xml": 1742196396408,
  "view/publishNomination.view.xml": 1742196396408,
  "view/nominationDashboard.view.xml": 1742196396408,
  "view/displayNomination.view.xml": 1742196396408,
  "view/App.view.xml": 1742196396408,
  "fragment/soldToParty.fragment.xml": 1742196396404,
  "fragment/simulatePopup.fragment.xml": 1742196396404,
  "fragment/selectMaterial.fragment.xml": 1742206942985,
  "fragment/selectContract.fragment.xml": 1742204340792,
  "fragment/contDesc.fragment.xml": 1742196396404,
  "i18n/i18n.properties": 1742377947687,
  "images/IngenxTLogo.png": 1742196396408,
  "css/style.css": 1742196396404,
  "index.html": 1742196396408
}