{
  "Component-preload.js": 1742803875643,
  "controller/publishRenomination.controller.js": 1742448287369,
  "model/models.js": 1742385085695,
  "controller/systemNom.controller.js": 1742448526750,
  "utils/HelperFunction.js": 1742385085695,
  "controller/publishNomination.controller.js": 1742447657289,
  "controller/publishNomination.controller copy.js": 1742385085695,
  "controller/nominationDashboard.controller.js": 1742385085695,
  "controller/displayNomination.controller.js": 1742448424318,
  "controller/App.controller.js": 1742385085691,
  "manifest.json": 1742803874974,
  "Component.js": 1742385085691,
  "controller/publishNomination.controller copy-dbg.js": 1742385085695,
  "controller/publishNomination.controller copy.js.map": 1742803875440,
  "model/models-dbg.js": 1742385085695,
  "model/models.js.map": 1742803875168,
  "controller/systemNom-dbg.controller.js": 1742448526750,
  "controller/systemNom.controller.js.map": 1742803875248,
  "utils/HelperFunction-dbg.js": 1742385085695,
  "utils/HelperFunction.js.map": 1742803875244,
  "controller/publishNomination-dbg.controller.js": 1742447657289,
  "controller/publishNomination.controller.js.map": 1742803875275,
  "controller/publishRenomination-dbg.controller.js": 1742448287369,
  "controller/publishRenomination.controller.js.map": 1742803875351,
  "controller/nominationDashboard-dbg.controller.js": 1742385085695,
  "controller/nominationDashboard.controller.js.map": 1742803875254,
  "controller/displayNomination-dbg.controller.js": 1742448424318,
  "controller/displayNomination.controller.js.map": 1742803875346,
  "controller/App-dbg.controller.js": 1742385085691,
  "controller/App.controller.js.map": 1742803875339,
  "Component-dbg.js": 1742385085691,
  "Component.js.map": 1742803875342,
  "i18n/i18n.properties": 1742388148966,
  "Component-preload.js.map": 1742803875643,
  "view/systemNom.view.xml": 1742445437712,
  "view/publishRenomination.view.xml": 1742385085695,
  "view/publishNomination.view.xml": 1742385085695,
  "view/nominationDashboard.view.xml": 1742385085695,
  "view/displayNomination.view.xml": 1742385085695,
  "view/App.view.xml": 1742385085695,
  "images/IngenxT_TitleLogo.png": 1742385085695,
  "images/IngenxTLogo.png": 1742385085695,
  "fragment/soldToParty.fragment.xml": 1742385085695,
  "fragment/simulatePopup.fragment.xml": 1742385085695,
  "fragment/selectMaterial.fragment.xml": 1742385085695,
  "fragment/selectContract.fragment.xml": 1742385085695,
  "fragment/contDesc.fragment.xml": 1742385085695,
  "css/style.css": 1742385085695,
  "index.html": 1742385085695
}